<module>
	<data>
		<module_id>ulogin</module_id>
		<product_id>uLogin</product_id>
		<is_core>0</is_core>
		<is_active>1</is_active>
		<is_menu>0</is_menu>
		<menu />
		<phrase_var_name>module_ulogin</phrase_var_name>
	</data>
	<blocks>
		<block type_id="0" m_connection="ulogin.index" module_id="ulogin" component="panel" location="6" is_active="1" ordering="1" disallow_access="" can_move="0">
			<title>uLogin Block</title>
			<source_code />
			<source_parsed />
		</block>
	</blocks>
	<plugins>
		<plugin module_id="ulogin" product_id="uLogin" call_name="user.template.login_header_set_var" title="uLogin panel"><![CDATA[if(Phpfox::isModule('ulogin')){
   echo phpfox::getService('ulogin.panel')->showPanel();
}]]></plugin>
	</plugins>
	<components>
		<component module_id="ulogin" component="token" m_connection="ulogin.token" module="ulogin" is_controller="1" is_block="0" is_active="1" />
	</components>
	<phrases>
		<phrase module_id="ulogin" version_id="2.0.5" var_name="admin_menu_menu1" added="1337335996">Menu1</phrase>
		<phrase module_id="ulogin" version_id="2.0.5" var_name="module_ulogin" added="1337335996">uLogin widget module</phrase>
	</phrases>
</module>