<product>
	<data>
		<product_id>uLogin</product_id>
		<is_core>0</is_core>
		<title>uLogin</title>
		<description>uLogin</description>
		<version>1.0</version>
		<latest_version></latest_version>
		<last_check>1343044164</last_check>
		<is_active>1</is_active>
		<url>http://ulogin.ru</url>
		<url_version_check></url_version_check>
	</data>
	<installs>
		<install>
			<version>1.0</version>
			<install_code><![CDATA[$db = Phpfox::getLib('database');
$prefix = Phpfox::getParam(array('db', 'prefix'));
$query = 'CREATE TABLE IF NOT EXISTS '.$prefix.'ulogin_user (`id` int(10) unsigned NOT NULL auto_increment,`uid` int(10) NOT NULL,`identity` text, `token` text, PRIMARY KEY (`id`))ENGINE = InnoDB CHARACTER SET utf8 COLLATE utf8_general_ci';
$db->query($query);]]></install_code>
			<uninstall_code><![CDATA[$db = Phpfox::getLib('database');
$prefix = Phpfox::getParam(array('db', 'prefix'));
$query = 'DROP TABLE IF EXISTS '.$prefix.'ulogin_user';
$db->query($query);]]></uninstall_code>
		</install>
	</installs>
	<modules>
		<module_id>ulogin</module_id>
	</modules>
</product>